{
    "model-climb_RL-eval-stair_test": {
        "eval_name": "model-climb_RL-eval-stair_test",
        "number_eval_steps": 20000,
        "cumulated_reward": 22.576715702677284,
        "trajectory_length": 11.923792113895214,
        "survived": 0.69008099190081,
        "average_speed": 0.2603810905891336,
        "cumulated_distance": 3.038645577664948,
        "cost_of_transport": 9.315812048602373,
        "stairs_cleared": 0.0,
        "terrain_difficulty": 5.0
    },
    "model-base_RL-eval-stair_test": {
        "eval_name": "model-base_RL-eval-stair_test",
        "number_eval_steps": 20000,
        "cumulated_reward": 8.972076162458318,
        "trajectory_length": 4.645025625413097,
        "survived": 0.11095007246738968,
        "average_speed": 0.3965029433355487,
        "cumulated_distance": 1.8153079702353225,
        "cost_of_transport": 9.068283033600942,
        "stairs_cleared": 0.0,
        "terrain_difficulty": 5.0
    },
    "model-rough_RL-eval-stair_test": {
        "eval_name": "model-rough_RL-eval-stair_test",
        "number_eval_steps": 20000,
        "cumulated_reward": 16.289557171120567,
        "trajectory_length": 10.92304077901495,
        "survived": 0.4632610216934919,
        "average_speed": 0.21564902658002158,
        "cumulated_distance": 2.3379484510296322,
        "cost_of_transport": 10.762840020052376,
        "stairs_cleared": 0.0,
        "terrain_difficulty": 4.0
    },
    "model-speed_RL-eval-stair_test": {
        "eval_name": "model-speed_RL-eval-stair_test",
        "number_eval_steps": 20000,
        "cumulated_reward": 7.487715304706397,
        "trajectory_length": 4.499758799268253,
        "survived": 0.09533648170011806,
        "average_speed": 0.38522769709362176,
        "cumulated_distance": 1.7306534271402851,
        "cost_of_transport": 9.423755762386818,
        "stairs_cleared": 0.0,
        "terrain_difficulty": 5.0
    },
    "model-climb_RL-eval-base_test": {
        "eval_name": "model-climb_RL-eval-base_test",
        "number_eval_steps": 20000,
        "cumulated_reward": 26.47204243979255,
        "trajectory_length": 14.694138198704637,
        "survived": 0.9530253159413222,
        "average_speed": 0.37094999913012244,
        "cumulated_distance": 5.454691582269416,
        "cost_of_transport": 4.987527452841909,
        "stairs_cleared": 12.0,
        "terrain_difficulty": 0.0
    },
    "model-base_RL-eval-base_test": {
        "eval_name": "model-base_RL-eval-base_test",
        "number_eval_steps": 20000,
        "cumulated_reward": 34.816052945271316,
        "trajectory_length": 14.942224476726551,
        "survived": 0.9911702473958334,
        "average_speed": 0.4959428441276638,
        "cumulated_distance": 7.409834260164644,
        "cost_of_transport": 3.3140230108547257,
        "stairs_cleared": 5.0,
        "terrain_difficulty": 0.0
    },
    "model-rough_RL-eval-base_test": {
        "eval_name": "model-rough_RL-eval-base_test",
        "number_eval_steps": 20000,
        "cumulated_reward": 28.8555912439204,
        "trajectory_length": 14.879410027303331,
        "survived": 0.9793319500386509,
        "average_speed": 0.40435281211125407,
        "cumulated_distance": 6.014493640319893,
        "cost_of_transport": 7.588256205024069,
        "stairs_cleared": 3.0,
        "terrain_difficulty": 0.0
    },
    "model-speed_RL-eval-base_test": {
        "eval_name": "model-speed_RL-eval-base_test",
        "number_eval_steps": 20000,
        "cumulated_reward": 26.140916565953376,
        "trajectory_length": 14.275036452046011,
        "survived": 0.8860088960776384,
        "average_speed": 0.4948540142261688,
        "cumulated_distance": 7.060863280580731,
        "cost_of_transport": 4.518702635604074,
        "stairs_cleared": 4.0,
        "terrain_difficulty": 0.0
    },
    "model-climb_RL-eval-speed_test": {
        "eval_name": "model-climb_RL-eval-speed_test",
        "number_eval_steps": 20000,
        "cumulated_reward": 16.13884989255384,
        "trajectory_length": 14.929622983259227,
        "survived": 0.9802652994791666,
        "average_speed": 0.6334515881011006,
        "cumulated_distance": 9.439648012457232,
        "cost_of_transport": 4.357135056246382,
        "stairs_cleared": 24.0,
        "terrain_difficulty": 0.0
    },
    "model-base_RL-eval-speed_test": {
        "eval_name": "model-base_RL-eval-speed_test",
        "number_eval_steps": 20000,
        "cumulated_reward": 31.195629150412504,
        "trajectory_length": 13.768156319264325,
        "survived": 0.8838969211773609,
        "average_speed": 1.0483925876207985,
        "cumulated_distance": 13.566619426378827,
        "cost_of_transport": 3.7269590603705587,
        "stairs_cleared": 9.0,
        "terrain_difficulty": 0.0
    },
    "model-rough_RL-eval-speed_test": {
        "eval_name": "model-rough_RL-eval-speed_test",
        "number_eval_steps": 20000,
        "cumulated_reward": 15.036236028007417,
        "trajectory_length": 9.061027929109287,
        "survived": 0.5194768668260441,
        "average_speed": 0.8027544038524185,
        "cumulated_distance": 5.605467046876835,
        "cost_of_transport": 12.101710731389849,
        "stairs_cleared": 2.0,
        "terrain_difficulty": 0.0
    },
    "model-speed_RL-eval-speed_test": {
        "eval_name": "model-speed_RL-eval-speed_test",
        "number_eval_steps": 20000,
        "cumulated_reward": 26.919200326018533,
        "trajectory_length": 14.622063826703002,
        "survived": 0.9389421514462138,
        "average_speed": 1.133160335499234,
        "cumulated_distance": 16.70586514599539,
        "cost_of_transport": 3.9887688175923723,
        "stairs_cleared": 14.0,
        "terrain_difficulty": 0.0
    },
    "model-climb_RL-eval-survival_test": {
        "eval_name": "model-climb_RL-eval-survival_test",
        "number_eval_steps": 20000,
        "cumulated_reward": 17.225048625291087,
        "trajectory_length": 11.69400010113117,
        "survived": 0.5363477391956033,
        "average_speed": 0.3316163110529784,
        "cumulated_distance": 3.912946221434546,
        "cost_of_transport": 11.66696081456321,
        "stairs_cleared": 7.0,
        "terrain_difficulty": 0.0
    },
    "model-base_RL-eval-survival_test": {
        "eval_name": "model-base_RL-eval-survival_test",
        "number_eval_steps": 20000,
        "cumulated_reward": 12.506278439592272,
        "trajectory_length": 6.722804726365563,
        "survived": 0.1738848094310405,
        "average_speed": 0.4775322727601103,
        "cumulated_distance": 3.178913394166454,
        "cost_of_transport": 9.152377751354834,
        "stairs_cleared": 0.0,
        "terrain_difficulty": 0.0
    },
    "model-rough_RL-eval-survival_test": {
        "eval_name": "model-rough_RL-eval-survival_test",
        "number_eval_steps": 20000,
        "cumulated_reward": 16.461764046077807,
        "trajectory_length": 10.651615992672049,
        "survived": 0.4803030303030303,
        "average_speed": 0.3827315231703244,
        "cumulated_distance": 4.011692587515104,
        "cost_of_transport": 12.048129939124031,
        "stairs_cleared": 1.0,
        "terrain_difficulty": 0.0
    },
    "model-speed_RL-eval-survival_test": {
        "eval_name": "model-speed_RL-eval-survival_test",
        "number_eval_steps": 20000,
        "cumulated_reward": 7.360472735425737,
        "trajectory_length": 5.2614187458366155,
        "survived": 0.0838,
        "average_speed": 0.4933741542257369,
        "cumulated_distance": 2.5477643454868346,
        "cost_of_transport": 9.403000985378027,
        "stairs_cleared": 0.0,
        "terrain_difficulty": 0.0
    }
}