{
    "untrained_stud_Epoch_Reward": {
        "epoch_reward_untrained_stud": -14.69117394980276,
        "epoch_reward_test": 26.869359370321035
    },
    "Epoch_Reward": {
        "epoch_reward_stud": 26.480553410947323,
        "epoch_reward_test": 26.83386690169573
    },
    "mse_first_action": {
        "f": 0.016732215881347656,
        "d": 0.031443655490875244,
        "p": 0.025261085480451584,
        "F": 0.11897872388362885,
        "Total": 0.0650906041264534
    },
    "mse_discrete_action": {
        "f": 0.016732215881347656,
        "d": 0.031443655490875244,
        "p": 7.175969123840332,
        "F": 0.30584532022476196,
        "Total": 2.937363624572754
    },
    "mse_encoded_action": {
        "f": 0.016732215881347656,
        "d": 0.031443655490875244,
        "p": 0.025261085480451584,
        "F": 0.2992691099643707,
        "Total": 0.23062045872211456
    }
}