{
    "untrained_stud_Epoch_Reward": {
        "epoch_reward_untrained_stud": -6.221539760703308,
        "epoch_reward_test": 34.96092705056071
    },
    "Epoch_Reward": {
        "epoch_reward_stud": 34.50900458358228,
        "epoch_reward_test": 34.957984037697315
    },
    "mse_first_action": {
        "f": 0.011862865649163723,
        "d": 0.034764405339956284,
        "p": 0.03720397502183914,
        "F": 0.06667668372392654,
        "Total": 0.0458664707839489
    },
    "mse_discrete_action": {
        "f": 0.011862865649163723,
        "d": 0.034764405339956284,
        "p": 16.960899353027344,
        "F": 0.3069400489330292,
        "Total": 6.701400279998779
    },
    "mse_encoded_action": {
        "f": 0.011862865649163723,
        "d": 0.034764405339956284,
        "p": 0.03720397502183914,
        "F": 0.3023872673511505,
        "Total": 0.2343551516532898
    }
}