{
    "untrained_stud_Epoch_Reward": {
        "epoch_reward_untrained_stud": -32.42720733338501,
        "epoch_reward_test": 21.476360473781824
    },
    "Epoch_Reward": {
        "epoch_reward_stud": 22.422699704300612,
        "epoch_reward_test": 21.330219878815114
    },
    "mse_first_action": {
        "f": 0.30811506509780884,
        "d": 0.1343262791633606,
        "p": 0.14339111745357513,
        "F": 0.20295439660549164,
        "Total": 0.19115526974201202
    },
    "mse_discrete_action": {
        "f": 0.30811506509780884,
        "d": 0.1343262791633606,
        "p": 50.49759292602539,
        "F": 1.0682718753814697,
        "Total": 20.046968460083008
    },
    "mse_encoded_action": {
        "f": 0.30811506509780884,
        "d": 0.1343262791633606,
        "p": 0.14339111745357513,
        "F": 1.1617140769958496,
        "Total": 0.9168620109558105
    }
}