{
    "untrained_stud_Epoch_Reward": {
        "epoch_reward_untrained_stud": -42.90006941743195,
        "epoch_reward_test": -4741.536509513855
    },
    "Epoch_Reward": {
        "epoch_reward_stud": -4504.347138881683,
        "epoch_reward_test": -4749.626889705658
    },
    "mse_first_action": {
        "f": 0.29495349526405334,
        "d": 0.6295523047447205,
        "p": 4.291884899139404,
        "F": 1.8610806465148926,
        "Total": 2.155930995941162
    },
    "mse_discrete_action": {
        "f": 0.29495349526405334,
        "d": 0.6295523047447205,
        "p": 707.075927734375,
        "F": 12.338624954223633,
        "Total": 279.0885009765625
    },
    "mse_encoded_action": {
        "f": 0.29495349526405334,
        "d": 0.6295523047447205,
        "p": 4.291884899139404,
        "F": 16.62530517578125,
        "Total": 13.063244819641113
    }
}