{
    "model-climb_RL-eval-stair_test": {
        "eval_name": "model-climb_RL-eval-stair_test",
        "number_eval_steps": 20000,
        "cumulated_reward": 22.576715702677284,
        "trajectory_length": 11.923792113895214,
        "survived": 0.69008099190081,
        "average_speed": 0.2603810905891336,
        "cumulated_distance": 3.038645577664948,
        "cost_of_transport": 9.315812048602373,
        "stairs_cleared": 0.0,
        "terrain_difficulty": 5.0
    },
    "model-base_RL-eval-stair_test": {
        "eval_name": "model-base_RL-eval-stair_test",
        "number_eval_steps": 20000,
        "cumulated_reward": 8.972076162458318,
        "trajectory_length": 4.645025625413097,
        "survived": 0.11095007246738968,
        "average_speed": 0.3965029433355487,
        "cumulated_distance": 1.8153079702353225,
        "cost_of_transport": 9.068283033600942,
        "stairs_cleared": 0.0,
        "terrain_difficulty": 5.0
    },
    "model-rough_RL-eval-stair_test": {
        "eval_name": "model-rough_RL-eval-stair_test",
        "number_eval_steps": 20000,
        "cumulated_reward": 16.289557171120567,
        "trajectory_length": 10.92304077901495,
        "survived": 0.4632610216934919,
        "average_speed": 0.21564902658002158,
        "cumulated_distance": 2.3379484510296322,
        "cost_of_transport": 10.762840020052376,
        "stairs_cleared": 0.0,
        "terrain_difficulty": 4.0
    },
    "model-speed_RL-eval-stair_test": {
        "eval_name": "model-speed_RL-eval-stair_test",
        "number_eval_steps": 20000,
        "cumulated_reward": 7.487715304706397,
        "trajectory_length": 4.499758799268253,
        "survived": 0.09533648170011806,
        "average_speed": 0.38522769709362176,
        "cumulated_distance": 1.7306534271402851,
        "cost_of_transport": 9.423755762386818,
        "stairs_cleared": 0.0,
        "terrain_difficulty": 5.0
    }
}